<?xml version="1.0" ?>
<LOG_ROOT>
	<PROJECT NAME="study_niosii">
		<CBX_INST_ENTRY INSTANCE_NAME="|study_niosii|niosii_qsys:nios_ii_u0|niosii_qsys_Nios_II_0:nios_ii_0|niosii_qsys_Nios_II_0_mult_cell:the_niosii_qsys_Nios_II_0_mult_cell|altera_mult_add:the_altmult_add_part_1|altera_mult_add_q1u2:auto_generated|altera_mult_add_rtl:altera_mult_add_rtl1|ama_multiplier_function:multiplier_block|lpm_mult:Mult0" CBX_FILE_NAME="mult_jp01.tdf"/>
		<CBX_INST_ENTRY INSTANCE_NAME="|study_niosii|pll:pll_inst|altpll:altpll_component" CBX_FILE_NAME="pll_altpll.v"/>
		<CBX_INST_ENTRY INSTANCE_NAME="|study_niosii|niosii_qsys:nios_ii_u0|niosii_qsys_Nios_II_0:nios_ii_0|lpm_add_sub:Add24" CBX_FILE_NAME="add_sub_qvi.tdf"/>
		<CBX_INST_ENTRY INSTANCE_NAME="|study_niosii|niosii_qsys:nios_ii_u0|niosii_qsys_Nios_II_0:nios_ii_0|niosii_qsys_Nios_II_0_bht_module:niosii_qsys_Nios_II_0_bht|altsyncram:the_altsyncram" CBX_FILE_NAME="altsyncram_ljh1.tdf"/>
		<CBX_INST_ENTRY INSTANCE_NAME="|study_niosii|niosii_qsys:nios_ii_u0|niosii_qsys_Nios_II_0:nios_ii_0|niosii_qsys_Nios_II_0_dc_data_module:niosii_qsys_Nios_II_0_dc_data|altsyncram:the_altsyncram" CBX_FILE_NAME="altsyncram_kpc1.tdf"/>
		<CBX_INST_ENTRY INSTANCE_NAME="|study_niosii|niosii_qsys:nios_ii_u0|niosii_qsys_Nios_II_0:nios_ii_0|niosii_qsys_Nios_II_0_dc_tag_module:niosii_qsys_Nios_II_0_dc_tag|altsyncram:the_altsyncram" CBX_FILE_NAME="altsyncram_f5h1.tdf"/>
		<CBX_INST_ENTRY INSTANCE_NAME="|study_niosii|niosii_qsys:nios_ii_u0|niosii_qsys_Nios_II_0:nios_ii_0|niosii_qsys_Nios_II_0_dc_victim_module:niosii_qsys_Nios_II_0_dc_victim|altsyncram:the_altsyncram" CBX_FILE_NAME="altsyncram_r3d1.tdf"/>
		<CBX_INST_ENTRY INSTANCE_NAME="|study_niosii|niosii_qsys:nios_ii_u0|niosii_qsys_Nios_II_0:nios_ii_0|niosii_qsys_Nios_II_0_mult_cell:the_niosii_qsys_Nios_II_0_mult_cell|altera_mult_add:the_altmult_add_part_1" CBX_FILE_NAME="altera_mult_add_q1u2.v"/>
		<CBX_INST_ENTRY INSTANCE_NAME="|study_niosii|niosii_qsys:nios_ii_u0|niosii_qsys_Nios_II_0:nios_ii_0|niosii_qsys_Nios_II_0_register_bank_a_module:niosii_qsys_Nios_II_0_register_bank_a|altsyncram:the_altsyncram" CBX_FILE_NAME="altsyncram_l1h1.tdf"/>
		<CBX_INST_ENTRY INSTANCE_NAME="|study_niosii|niosii_qsys:nios_ii_u0|niosii_qsys_Nios_II_0:nios_ii_0|niosii_qsys_Nios_II_0_mult_cell:the_niosii_qsys_Nios_II_0_mult_cell|altera_mult_add:the_altmult_add_part_2" CBX_FILE_NAME="altera_mult_add_s1u2.v"/>
		<CBX_INST_ENTRY INSTANCE_NAME="|study_niosii|niosii_qsys:nios_ii_u0|niosii_qsys_onchip_RAM_0_16KB:onchip_ram_0_16kb|altsyncram:the_altsyncram" CBX_FILE_NAME="altsyncram_shd1.tdf"/>
		<CBX_INST_ENTRY INSTANCE_NAME="|study_niosii|niosii_qsys:nios_ii_u0|niosii_qsys_Nios_II_0:nios_ii_0|niosii_qsys_Nios_II_0_ic_data_module:niosii_qsys_Nios_II_0_ic_data|altsyncram:the_altsyncram" CBX_FILE_NAME="altsyncram_cjd1.tdf"/>
		<CBX_INST_ENTRY INSTANCE_NAME="|study_niosii|niosii_qsys:nios_ii_u0|niosii_qsys_Nios_II_0:nios_ii_0|niosii_qsys_Nios_II_0_ic_tag_module:niosii_qsys_Nios_II_0_ic_tag|altsyncram:the_altsyncram" CBX_FILE_NAME="altsyncram_qvh1.tdf"/>
		<CBX_INST_ENTRY INSTANCE_NAME="|study_niosii|niosii_qsys:nios_ii_u0|niosii_qsys_Nios_II_0:nios_ii_0|niosii_qsys_Nios_II_0_mult_cell:the_niosii_qsys_Nios_II_0_mult_cell|altera_mult_add:the_altmult_add_part_2|altera_mult_add_s1u2:auto_generated|altera_mult_add_rtl:altera_mult_add_rtl1|ama_multiplier_function:multiplier_block|lpm_mult:Mult0" CBX_FILE_NAME="mult_j011.tdf"/>
		<CBX_INST_ENTRY INSTANCE_NAME="|study_niosii|niosii_qsys:nios_ii_u0|niosii_qsys_Nios_II_0:nios_ii_0|niosii_qsys_Nios_II_0_nios2_oci:the_niosii_qsys_Nios_II_0_nios2_oci|niosii_qsys_Nios_II_0_nios2_ocimem:the_niosii_qsys_Nios_II_0_nios2_ocimem|niosii_qsys_Nios_II_0_ociram_sp_ram_module:niosii_qsys_Nios_II_0_ociram_sp_ram|altsyncram:the_altsyncram" CBX_FILE_NAME="altsyncram_vb91.tdf"/>
		<CBX_INST_ENTRY INSTANCE_NAME="|study_niosii|niosii_qsys:nios_ii_u0|niosii_qsys_Nios_II_0:nios_ii_0|niosii_qsys_Nios_II_0_register_bank_b_module:niosii_qsys_Nios_II_0_register_bank_b|altsyncram:the_altsyncram" CBX_FILE_NAME="altsyncram_m1h1.tdf"/>
	</PROJECT>
</LOG_ROOT>
