<?xml version="1.0" encoding="UTF-8"?>
<preferences>
 <debug showDebugMenu="0" />
 <systemtable>
  <columns>
   <connections preferredWidth="127" />
   <irq preferredWidth="34" />
   <name preferredWidth="204" />
   <opcodeName preferredWidth="155" />
   <tags preferredWidth="139" />
   <export preferredWidth="185" />
  </columns>
 </systemtable>
 <clocktable>
  <columns>
   <clockname preferredWidth="359" />
   <clocksource preferredWidth="358" />
   <frequency preferredWidth="339" />
  </columns>
 </clocktable>
 <window width="1936" height="1056" x="-8" y="-8" />
 <library expandedCategories="Library,Project" />
 <hdlexample language="VERILOG" />
 <generation
   simulation="NONE"
   testbench_system="NONE"
   testbench_simulation="NONE"
   block_symbol_file="0"
   synthesis="VERILOG" />
</preferences>
