# system info niosii_qsys on 2021.03.11.15:16:40
system_info:
name,value
DEVICE,EP4CE6E22C8
DEVICE_FAMILY,Cyclone IV E
GENERATION_ID,1615446987
#
#
# Files generated for niosii_qsys on 2021.03.11.15:16:40
files:
filepath,kind,attributes,module,is_top
niosii_qsys/simulation/niosii_qsys.v,VERILOG,,niosii_qsys,true
niosii_qsys/simulation/submodules/niosii_qsys_nios2_0.ocp,OTHER,,niosii_qsys_nios2_0,false
niosii_qsys/simulation/submodules/niosii_qsys_nios2_0.sdc,SDC,,niosii_qsys_nios2_0,false
niosii_qsys/simulation/submodules/niosii_qsys_nios2_0_bht_ram.dat,DAT,,niosii_qsys_nios2_0,false
niosii_qsys/simulation/submodules/niosii_qsys_nios2_0_bht_ram.hex,HEX,,niosii_qsys_nios2_0,false
niosii_qsys/simulation/submodules/niosii_qsys_nios2_0_bht_ram.mif,MIF,,niosii_qsys_nios2_0,false
niosii_qsys/simulation/submodules/niosii_qsys_nios2_0_dc_tag_ram.dat,DAT,,niosii_qsys_nios2_0,false
niosii_qsys/simulation/submodules/niosii_qsys_nios2_0_dc_tag_ram.hex,HEX,,niosii_qsys_nios2_0,false
niosii_qsys/simulation/submodules/niosii_qsys_nios2_0_dc_tag_ram.mif,MIF,,niosii_qsys_nios2_0,false
niosii_qsys/simulation/submodules/niosii_qsys_nios2_0_ic_tag_ram.dat,DAT,,niosii_qsys_nios2_0,false
niosii_qsys/simulation/submodules/niosii_qsys_nios2_0_ic_tag_ram.hex,HEX,,niosii_qsys_nios2_0,false
niosii_qsys/simulation/submodules/niosii_qsys_nios2_0_ic_tag_ram.mif,MIF,,niosii_qsys_nios2_0,false
niosii_qsys/simulation/submodules/niosii_qsys_nios2_0_jtag_debug_module_sysclk.v,VERILOG,,niosii_qsys_nios2_0,false
niosii_qsys/simulation/submodules/niosii_qsys_nios2_0_jtag_debug_module_tck.v,VERILOG,,niosii_qsys_nios2_0,false
niosii_qsys/simulation/submodules/niosii_qsys_nios2_0_jtag_debug_module_wrapper.v,VERILOG,,niosii_qsys_nios2_0,false
niosii_qsys/simulation/submodules/niosii_qsys_nios2_0_mult_cell.v,VERILOG,,niosii_qsys_nios2_0,false
niosii_qsys/simulation/submodules/niosii_qsys_nios2_0_nios2_waves.do,OTHER,,niosii_qsys_nios2_0,false
niosii_qsys/simulation/submodules/niosii_qsys_nios2_0_ociram_default_contents.dat,DAT,,niosii_qsys_nios2_0,false
niosii_qsys/simulation/submodules/niosii_qsys_nios2_0_ociram_default_contents.hex,HEX,,niosii_qsys_nios2_0,false
niosii_qsys/simulation/submodules/niosii_qsys_nios2_0_ociram_default_contents.mif,MIF,,niosii_qsys_nios2_0,false
niosii_qsys/simulation/submodules/niosii_qsys_nios2_0_oci_test_bench.v,VERILOG,,niosii_qsys_nios2_0,false
niosii_qsys/simulation/submodules/niosii_qsys_nios2_0_rf_ram_a.dat,DAT,,niosii_qsys_nios2_0,false
niosii_qsys/simulation/submodules/niosii_qsys_nios2_0_rf_ram_a.hex,HEX,,niosii_qsys_nios2_0,false
niosii_qsys/simulation/submodules/niosii_qsys_nios2_0_rf_ram_a.mif,MIF,,niosii_qsys_nios2_0,false
niosii_qsys/simulation/submodules/niosii_qsys_nios2_0_rf_ram_b.dat,DAT,,niosii_qsys_nios2_0,false
niosii_qsys/simulation/submodules/niosii_qsys_nios2_0_rf_ram_b.hex,HEX,,niosii_qsys_nios2_0,false
niosii_qsys/simulation/submodules/niosii_qsys_nios2_0_rf_ram_b.mif,MIF,,niosii_qsys_nios2_0,false
niosii_qsys/simulation/submodules/niosii_qsys_nios2_0_test_bench.v,VERILOG,,niosii_qsys_nios2_0,false
#
# Map from instance-path to kind of module
instances:
instancePath,module
niosii_qsys.nios2_0,niosii_qsys_nios2_0
niosii_qsys.onchip_ROM_0,niosii_qsys_onchip_ROM_0
niosii_qsys.onchip_RAM_0,niosii_qsys_onchip_RAM_0
niosii_qsys.pio_outpin_0,niosii_qsys_pio_outpin_0
niosii_qsys.sysid_0,niosii_qsys_sysid_0
niosii_qsys.mm_interconnect_0,niosii_qsys_mm_interconnect_0
niosii_qsys.irq_mapper,niosii_qsys_irq_mapper
niosii_qsys.rst_controller,altera_reset_controller
