# system info niosii_qsys_tb on 2021.03.10.21:36:01
system_info:
name,value
DEVICE,EP4CE6E22C8
DEVICE_FAMILY,Cyclone IV E
GENERATION_ID,1615383349
#
#
# Files generated for niosii_qsys_tb on 2021.03.10.21:36:01
files:
filepath,kind,attributes,module,is_top
niosii_qsys/testbench/niosii_qsys_tb/simulation/niosii_qsys_tb.v,VERILOG,,niosii_qsys_tb,true
niosii_qsys/testbench/niosii_qsys_tb/simulation/submodules/niosii_qsys.v,VERILOG,,niosii_qsys,false
niosii_qsys/testbench/niosii_qsys_tb/simulation/submodules/verbosity_pkg.sv,SYSTEM_VERILOG, COMMON_SYSTEMVERILOG_PACKAGE=avalon_vip_verbosity_pkg,altera_avalon_clock_source,false
niosii_qsys/testbench/niosii_qsys_tb/simulation/submodules/altera_avalon_clock_source.sv,SYSTEM_VERILOG,,altera_avalon_clock_source,false
niosii_qsys/testbench/niosii_qsys_tb/simulation/submodules/verbosity_pkg.sv,SYSTEM_VERILOG, COMMON_SYSTEMVERILOG_PACKAGE=avalon_vip_verbosity_pkg,altera_avalon_reset_source,false
niosii_qsys/testbench/niosii_qsys_tb/simulation/submodules/altera_avalon_reset_source.sv,SYSTEM_VERILOG,,altera_avalon_reset_source,false
niosii_qsys/testbench/niosii_qsys_tb/simulation/submodules/verbosity_pkg.sv,SYSTEM_VERILOG, COMMON_SYSTEMVERILOG_PACKAGE=avalon_vip_verbosity_pkg,altera_conduit_bfm,false
niosii_qsys/testbench/niosii_qsys_tb/simulation/submodules/altera_conduit_bfm.sv,SYSTEM_VERILOG,,altera_conduit_bfm,false
niosii_qsys/testbench/niosii_qsys_tb/simulation/submodules/niosii_qsys_nios2_qsys_0.ocp,OTHER,,niosii_qsys_nios2_qsys_0,false
niosii_qsys/testbench/niosii_qsys_tb/simulation/submodules/niosii_qsys_nios2_qsys_0.sdc,SDC,,niosii_qsys_nios2_qsys_0,false
niosii_qsys/testbench/niosii_qsys_tb/simulation/submodules/niosii_qsys_nios2_qsys_0_bht_ram.dat,DAT,,niosii_qsys_nios2_qsys_0,false
niosii_qsys/testbench/niosii_qsys_tb/simulation/submodules/niosii_qsys_nios2_qsys_0_bht_ram.hex,HEX,,niosii_qsys_nios2_qsys_0,false
niosii_qsys/testbench/niosii_qsys_tb/simulation/submodules/niosii_qsys_nios2_qsys_0_bht_ram.mif,MIF,,niosii_qsys_nios2_qsys_0,false
niosii_qsys/testbench/niosii_qsys_tb/simulation/submodules/niosii_qsys_nios2_qsys_0_dc_tag_ram.dat,DAT,,niosii_qsys_nios2_qsys_0,false
niosii_qsys/testbench/niosii_qsys_tb/simulation/submodules/niosii_qsys_nios2_qsys_0_dc_tag_ram.hex,HEX,,niosii_qsys_nios2_qsys_0,false
niosii_qsys/testbench/niosii_qsys_tb/simulation/submodules/niosii_qsys_nios2_qsys_0_dc_tag_ram.mif,MIF,,niosii_qsys_nios2_qsys_0,false
niosii_qsys/testbench/niosii_qsys_tb/simulation/submodules/niosii_qsys_nios2_qsys_0_ic_tag_ram.dat,DAT,,niosii_qsys_nios2_qsys_0,false
niosii_qsys/testbench/niosii_qsys_tb/simulation/submodules/niosii_qsys_nios2_qsys_0_ic_tag_ram.hex,HEX,,niosii_qsys_nios2_qsys_0,false
niosii_qsys/testbench/niosii_qsys_tb/simulation/submodules/niosii_qsys_nios2_qsys_0_ic_tag_ram.mif,MIF,,niosii_qsys_nios2_qsys_0,false
niosii_qsys/testbench/niosii_qsys_tb/simulation/submodules/niosii_qsys_nios2_qsys_0_jtag_debug_module_sysclk.v,VERILOG,,niosii_qsys_nios2_qsys_0,false
niosii_qsys/testbench/niosii_qsys_tb/simulation/submodules/niosii_qsys_nios2_qsys_0_jtag_debug_module_tck.v,VERILOG,,niosii_qsys_nios2_qsys_0,false
niosii_qsys/testbench/niosii_qsys_tb/simulation/submodules/niosii_qsys_nios2_qsys_0_jtag_debug_module_wrapper.v,VERILOG,,niosii_qsys_nios2_qsys_0,false
niosii_qsys/testbench/niosii_qsys_tb/simulation/submodules/niosii_qsys_nios2_qsys_0_mult_cell.v,VERILOG,,niosii_qsys_nios2_qsys_0,false
niosii_qsys/testbench/niosii_qsys_tb/simulation/submodules/niosii_qsys_nios2_qsys_0_nios2_waves.do,OTHER,,niosii_qsys_nios2_qsys_0,false
niosii_qsys/testbench/niosii_qsys_tb/simulation/submodules/niosii_qsys_nios2_qsys_0_ociram_default_contents.dat,DAT,,niosii_qsys_nios2_qsys_0,false
niosii_qsys/testbench/niosii_qsys_tb/simulation/submodules/niosii_qsys_nios2_qsys_0_ociram_default_contents.hex,HEX,,niosii_qsys_nios2_qsys_0,false
niosii_qsys/testbench/niosii_qsys_tb/simulation/submodules/niosii_qsys_nios2_qsys_0_ociram_default_contents.mif,MIF,,niosii_qsys_nios2_qsys_0,false
niosii_qsys/testbench/niosii_qsys_tb/simulation/submodules/niosii_qsys_nios2_qsys_0_oci_test_bench.v,VERILOG,,niosii_qsys_nios2_qsys_0,false
niosii_qsys/testbench/niosii_qsys_tb/simulation/submodules/niosii_qsys_nios2_qsys_0_rf_ram_a.dat,DAT,,niosii_qsys_nios2_qsys_0,false
niosii_qsys/testbench/niosii_qsys_tb/simulation/submodules/niosii_qsys_nios2_qsys_0_rf_ram_a.hex,HEX,,niosii_qsys_nios2_qsys_0,false
niosii_qsys/testbench/niosii_qsys_tb/simulation/submodules/niosii_qsys_nios2_qsys_0_rf_ram_a.mif,MIF,,niosii_qsys_nios2_qsys_0,false
niosii_qsys/testbench/niosii_qsys_tb/simulation/submodules/niosii_qsys_nios2_qsys_0_rf_ram_b.dat,DAT,,niosii_qsys_nios2_qsys_0,false
niosii_qsys/testbench/niosii_qsys_tb/simulation/submodules/niosii_qsys_nios2_qsys_0_rf_ram_b.hex,HEX,,niosii_qsys_nios2_qsys_0,false
niosii_qsys/testbench/niosii_qsys_tb/simulation/submodules/niosii_qsys_nios2_qsys_0_rf_ram_b.mif,MIF,,niosii_qsys_nios2_qsys_0,false
niosii_qsys/testbench/niosii_qsys_tb/simulation/submodules/niosii_qsys_nios2_qsys_0_test_bench.v,VERILOG,,niosii_qsys_nios2_qsys_0,false
#
# Map from instance-path to kind of module
instances:
instancePath,module
niosii_qsys_tb.niosii_qsys_inst,niosii_qsys
niosii_qsys_tb.niosii_qsys_inst.nios2_qsys_0,niosii_qsys_nios2_qsys_0
niosii_qsys_tb.niosii_qsys_inst.onchip_ROM_0,niosii_qsys_onchip_ROM_0
niosii_qsys_tb.niosii_qsys_inst.onchip_RAM_0,niosii_qsys_onchip_RAM_0
niosii_qsys_tb.niosii_qsys_inst.pio_outpin_0,niosii_qsys_pio_outpin_0
niosii_qsys_tb.niosii_qsys_inst.sysid_0,niosii_qsys_sysid_0
niosii_qsys_tb.niosii_qsys_inst.mm_interconnect_0,niosii_qsys_mm_interconnect_0
niosii_qsys_tb.niosii_qsys_inst.irq_mapper,niosii_qsys_irq_mapper
niosii_qsys_tb.niosii_qsys_inst.rst_controller,altera_reset_controller
niosii_qsys_tb.niosii_qsys_inst_clk_bfm,altera_avalon_clock_source
niosii_qsys_tb.niosii_qsys_inst_reset_bfm,altera_avalon_reset_source
niosii_qsys_tb.niosii_qsys_inst_pio_outpin_0_bfm,altera_conduit_bfm
